Workbook

Sheet Attendance
A1: Date | B1: Event | C1: Registered | D1: Attended | E1: No show rate | F1: Waitlist | G1: Recordings | H1: Charge For Lunch | I1: Notes
A2: 46039 | B2: SQL Saturday Lima 2026 (#1138) | C2: 298 | D2: 108 | E2: =IF(C2=0,0,+(C2-D2)/C2) -> 0.63758389
A3: 46102 | B3: SQL Saturday Atlanta 2026 - AI & BI (#1127) | C3: 464 | D3: 257 | E3: =IF(C3=0,0,+(C3-D3)/C3) -> 0.44612069
A4: 46109 | B4: SQL Saturday Sao Paulo 2026 (#1142) | C4: 220 | D4: 200 | E4: =IF(C4=0,0,+(C4-D4)/C4) -> 0.090909091
A5: 46123 | B5: SQL Saturday Joinville 2026 (#1139) | C5: 680 | D5: 450 | E5: =IF(C5=0,0,+(C5-D5)/C5) -> 0.33823529
A6: 46123 | B6: Day of Data Richmond 2026 (#1135) | C6: 167 | D6: 96 | E6: =IF(C6=0,0,+(C6-D6)/C6) -> 0.4251497
A7: 46130 | B7: SeaQL 2026 - Brouwersdam, NL (#1140) | C7: 134 | D7: 118 | E7: =IF(C7=0,0,+(C7-D7)/C7) -> 0.11940299
A8: 46137 | B8: Houston Ai-Lytics Day 2026 (#1137) | C8: 156 | D8: 145 | E8: =IF(C8=0,0,+(C8-D8)/C8) -> 0.070512821
A9: 46137 | B9: SQL Saturday Arequipa 2026 (#1147) | C9: 64 | D9: 42 | E9: =IF(C9=0,0,+(C9-D9)/C9) -> 0.34375
A10: 46144 | B10: Day of Data Jacksonville 2026 (#1128) | C10: 534 | D10: 371 | E10: =IF(C10=0,0,+(C10-D10)/C10) -> 0.30524345
A11: 46158 | B11: SQL Saturday Haiti 2026 (#1145) - Virtual | C11: 70 | D11: 107 | E11: =IF(C11=0,0,+(C11-D11)/C11) -> -0.52857143
A12: 46256 | B12: SQL Saturday Belo Horizonte 2026 (#1132) | C12: 0 | D12: 0 | E12: =IF(C12=0,0,+(C12-D12)/C12) -> 0
A13: 46165 | B13: Day of Data Raleigh 2026 (#1143) | C13: 178 | D13: 82 | E13: =IF(C13=0,0,+(C13-D13)/C13) -> 0.53932584
... A15: 46186 | B15: SQL Saturday Croatia 2026 (#1134) | C15: 153 | D15: 146 | E15: =IF(C15=0,0,+(C15-D15)/C15) -> 0.045751634
A16: 46200 | B16: SQL Saturday CXS 2026 (#1151) | C16: 196 | D16: 128 | E16: =IF(C16=0,0,+(C16-D16)/C16) -> 0.34693878 | I16: Lost a box of tickets. Not everyone was scanned in. We gave away at least 350 bags.
A17: 46200 | B17: SQL Saturday Austin 2026 (#1154) | C17: 94 | D17: 81 | E17: =IF(C17=0,0,+(C17-D17)/C17) -> 0.13829787
A18: 46221 | B18: Day of Data Baton Rouge 2026 (#1141) | C18: 611 | D18: 349 | E18: =IF(C18=0,0,+(C18-D18)/C18) -> 0.42880524
A19: 46242 | B19: Day of Data Albany 2026 (#1144) | C19: 128 | D19: 116 | E19: =IF(C19=0,0,+(C19-D19)/C19) -> 0.09375
A20: 46256 | B20: SQL Saturday Belo Horizonte 2026 (#1132) | C20: 0 | D20: 0 | E20: =IF(C20=0,0,+(C20-D20)/C20) -> 0
A21: 46277 | B21: Day of Data Detroit 2026 (#1164) | C21: 96 | D21: 50 | E21: =IF(C21=0,0,+(C21-D21)/C21) -> 0.47916667
A22: 46284 | B22: Salt Lake City Day of Data 2026 (#1152) | C22: 140 | D22: 65 | E22: =IF(C22=0,0,+(C22-D22)/C22) -> 0.53571429
A23: 46284 | B23: Day of Data Vitória 2026 (#1156) | C23: 1255 | D23: 376 | E23: =IF(C23=0,0,+(C23-D23)/C23) -> 0.70039841
A24: 46284 | B24: Day of Data Winnipeg 2026 (#1159) | C24: 363 | D24: 163 | E24: =IF(C24=0,0,+(C24-D24)/C24) -> 0.55096419
A25: 46291 | B25: Day of Data Toronto 2026 (#1160) | C25: 320 | D25: 249 | E25: =IF(C25=0,0,+(C25-D25)/C25) -> 0.221875
A26: 46298 | B26: Boston Data and AI Saturday 2026 (#1150) | C26: 226 | D26: 176 | E26: =IF(C26=0,0,+(C26-D26)/C26) -> 0.22123894
A27: 46305 | B27: Day of Data Orlando 2026 (#1161) | C27: 0 | D27: 0 | E27: =IF(C27=0,0,+(C27-D27)/C27) -> 0
A28: 46305 | B28: SQL Saturday Floripa 2026 (#1158) | C28: 200 | D28: 100 | E28: =IF(C28=0,0,+(C28-D28)/C28) -> 0.5
... A31: 46333 | B31: Day of Data PNW 2026 (#1149) | C31: 0 | D31: 0 | E31: =IF(C31=0,0,+(C31-D31)/C31) -> 0
E32: =IF(C32=0,0,+(C32-D32)/C32) -> 0

Sheet Jobs
A1: Date | B1: Event | C1: App Dev | D1: Architects | E1: DBA | F1: Data Engineer | G1: Other | H1: Total
A2: =+Attendance!A2 -> 46039 | B2: =+Attendance!B2 -> SQL Saturday Lima 2026 (#1138) | C2: 42 | D2: 0 | E2: 68 | F2: 0 | G2: =+H2-SUM(C2:F2) -> 188 | H2: =+Attendance!C2 -> 298
A3: =+Attendance!A3 -> 46102 | B3: =+Attendance!B3 -> SQL Saturday Atlanta 2026 - AI & BI (#1127) | C3: 0 | D3: 0 | E3: 0 | F3: 0 | G3: =+H3-SUM(C3:F3) -> 464 | H3: =+Attendance!C3 -> 464
A4: =+Attendance!A4 -> 46109 | B4: =+Attendance!B4 -> SQL Saturday Sao Paulo 2026 (#1142) | C4: 28 | D4: 5 | E4: 46 | F4: 8 | G4: =+H4-SUM(C4:F4) -> 133 | H4: =+Attendance!C4 -> 220
A5: =+Attendance!A5 -> 46123 | B5: =+Attendance!B5 -> SQL Saturday Joinville 2026 (#1139) | C5: 29 | D5: 0 | E5: 16 | F5: 19 | G5: =+H5-SUM(C5:F5) -> 616 | H5: =+Attendance!C5 -> 680
A6: =+Attendance!A6 -> 46123 | B6: =+Attendance!B6 -> Day of Data Richmond 2026 (#1135) | C6: 0 | D6: 13 | E6: 31 | F6: 0 | G6: =+H6-SUM(C6:F6) -> 123 | H6: =+Attendance!C6 -> 167
A7: =+Attendance!A7 -> 46130 | B7: =+Attendance!B7 -> SeaQL 2026 - Brouwersdam, NL (#1140) | C7: 10 | D7: 1 | E7: 14 | F7: =4+3+1+2+1 -> 11 | G7: =+H7-SUM(C7:F7) -> 98 | H7: =+Attendance!C7 -> 134
A8: =+Attendance!A8 -> 46137 | B8: =+Attendance!B8 -> Houston Ai-Lytics Day 2026 (#1137) | C8: 28 | D8: 10 | E8: 20 | F8: 5 | G8: =+H8-SUM(C8:F8) -> 93 | H8: =+Attendance!C8 -> 156
A9: =+Attendance!A9 -> 46137 | B9: =+Attendance!B9 -> SQL Saturday Arequipa 2026 (#1147) | C9: 0 | D9: 0 | E9: 6 | F9: 24 | G9: =+H9-SUM(C9:F9) -> 34 | H9: =+Attendance!C9 -> 64
A10: =+Attendance!A10 -> 46144 | B10: =+Attendance!B10 -> Day of Data Jacksonville 2026 (#1128) | C10: 53 | D10: 40 | E10: 45 | F10: 106 | G10: =+H10-SUM(C10:F10) -> 290 | H10: =+Attendance!C10 -> 534
A11: =+Attendance!A11 -> 46158 | B11: =+Attendance!B11 -> SQL Saturday Haiti 2026 (#1145) - Virtual | C11: 8 | D11: 0 | E11: 11 | F11: 3 | G11: =+H11-SUM(C11:F11) -> 48 | H11: =+Attendance!C11 -> 70
A12: =+Attendance!A12 -> 46256 | B12: =+Attendance!B12 -> SQL Saturday Belo Horizonte 2026 (#1132) | C12: 0 | D12: 0 | E12: 0 | F12: 0 | G12: =+H12-SUM(C12:F12) -> 0 | H12: =+Attendance!C12 -> 0
A13: =+Attendance!A13 -> 46165 | B13: =+Attendance!B13 -> Day of Data Raleigh 2026 (#1143) | C13: 0 | D13: 0 | E13: 0 | F13: 0 | G13: =+H13-SUM(C13:F13) -> 178 | H13: =+Attendance!C13 -> 178
A14: =+Attendance!A14 -> 46172 | B14: =+Attendance!B14 -> Day of Data Wellington 2026 (#1146) | C14: 3 | D14: 4 | E14: 7 | F14: 7 | G14: 4 | H14: =+Attendance!C14 -> 36
A15: =+Attendance!A15 -> 46186 | B15: =+Attendance!B15 -> SQL Saturday Croatia 2026 (#1134) | C15: 22 | D15: 5 | E15: 23 | F15: 19 | G15: 72 | H15: =+Attendance!C15 -> 153
A16: =+Attendance!A16 -> 46200 | B16: =+Attendance!B16 -> SQL Saturday CXS 2026 (#1151) | C16: 16 | D16: 42 | E16: 18 | F16: 31 | G16: 23 | H16: =+Attendance!C16 -> 196
A17: =+Attendance!A17 -> 46200 | B17: =+Attendance!B17 -> SQL Saturday Austin 2026 (#1154) | C17: 0 | D17: 0 | E17: 0 | F17: 0 | G17: =+H17-SUM(C17:F17) -> 94 | H17: =+Attendance!C17 -> 94
A18: =+Attendance!A18 -> 46221 | B18: =+Attendance!B18 -> Day of Data Baton Rouge 2026 (#1141) | C18: 94 | D18: 18 | E18: 28 | F18: 10 | G18: =+H18-SUM(C18:F18) -> 461 | H18: =+Attendance!C18 -> 611
A19: =+Attendance!A19 -> 46242 | B19: =+Attendance!B19 -> Day of Data Albany 2026 (#1144) | C19: 0 | D19: 11 | E19: 3 | F19: 19 | G19: 61 | H19: =+Attendance!C19 -> 128
A20: =+Attendance!A20 -> 46256 | B20: =+Attendance!B20 -> SQL Saturday Belo Horizonte 2026 (#1132) | C20: 0 | D20: 0 | E20: 0 | F20: 0 | G20: =+H20-SUM(C20:F20) -> 0 | H20: =+Attendance!C20 -> 0
A21: 46277 | B21: Day of Data Detroit 2026 (#1164) | C21: 15 | D21: 7 | E21: 5 | F21: 15 | G21: =+H21-SUM(C21:F21) -> 54 | H21: =+Attendance!C21 -> 96
A22: 46284 | B22: Salt Lake City Day of Data 2026 (#1152) | C22: 0 | D22: 0 | E22: 0 | F22: 0 | G22: =+H22-SUM(C22:F22) -> 140 | H22: =+Attendance!C22 -> 140
A23: 46284 | B23: Day of Data Vitória 2026 (#1156) | C23: 255 | D23: 0 | E23: 222 | F23: 0 | G23: =+H23-SUM(C23:F23) -> 778 | H23: =+Attendance!C23 -> 1255
A24: 46284 | B24: Day of Data Winnipeg 2026 (#1159) | C24: 20 | D24: 5 | E24: 2 | F24: 12 | G24: =+H24-SUM(C24:F24) -> 324 | H24: =+Attendance!C24 -> 363
A25: 46291 | B25: Day of Data Toronto 2026 (#1160) | C25: 21 | D25: 15 | E25: 7 | F25: 38 | G25: =+H25-SUM(C25:F25) -> 239 | H25: =+Attendance!C25 -> 320
A26: 46298 | B26: Boston Data and AI Saturday 2026 (#1150) | C26: 0 | D26: 0 | E26: 0 | F26: 0 | G26: =+H26-SUM(C26:F26) -> 226 | H26: =+Attendance!C26 -> 226
A27: 46305 | B27: Day of Data Orlando 2026 (#1161) | C27: 0 | D27: 0 | E27: 0 | F27: 0 | G27: =+H27-SUM(C27:F27) -> 363 | H27: =+Attendance!C24 -> 363
A28: 46305 | B28: SQL Saturday Floripa 2026 (#1158) | C28: 0 | D28: 0 | E28: 0 | F28: 0 | G28: =+H28-SUM(C28:F28) -> 226 | H28: =+Attendance!C26 -> 226
A29: 46312 | B29: SQL Saturday Floripa 2026 (#1158) | C29: 0 | D29: 0 | E29: 0 | F29: 0 | G29: =+H29-SUM(C29:F29) -> 0 | H29: =+Attendance!C29 -> 0
A30: 46319 | B30: Day of Data St Louis 2026 (#1148) | C30: 0 | D30: 0 | E30: 0 | F30: 0 | G30: =+H30-SUM(C30:F30) -> 0 | H30: =+Attendance!C29 -> 0
A31: 46319 | B31: SQL Saturday Minnesota 2026 (#1153) | C31: 0 | D31: 0 | E31: 0 | F31: 0 | G31: =+H31-SUM(C31:F31) -> 0 | H31: =+Attendance!C30 -> 0
A32: 46333 | B32: Day of Data PNW 2026 (#1149) | C32: 0 | D32: 0 | E32: 0 | F32: 0 | G32: =+H32-SUM(C32:F32) -> 0 | H32: =+Attendance!C31 -> 0
